2024-03-28 16:36:32,3857211698,Software Engineer,AIMQ DEVELOPMENT LLC,True,False
2024-03-28 16:40:05,3857211698,Software Engineer,AIMQ DEVELOPMENT LLC,True,True
2024-04-09 22:28:24,3860832233,0) Full Stack Engineer,Vital Tech Solutions,True,True
2024-04-09 22:35:42,3832283941,0) Quantitative Developer,Jobot,True,True
2024-04-09 22:36:15,3874275602,0) Sr Software Engineer (Warren),CIeNET Technologies,True,True
2024-04-09 22:36:35,3827214267,0) Full Stack AI Engineer,MOTOR Information Systems,True,True
2024-04-09 22:36:55,3854456823,0) Technical engineer or Embedded or System Engineer or Linux engineer,People Tech Group Inc,True,True
2024-04-09 22:37:12,3783795088,0) Embedded Software Engineer,LER TechForce,True,True
2024-04-09 22:41:05,3796905534,0) Mid Level Software Engineer,"Accessibility Services, Inc.",True,True
2024-04-09 22:41:28,3866228500,0) Mikrotik Engineer,Mad River Enterprises,True,True
2024-04-09 22:44:56,3880081547,0) DevOps Engineer,Camgian,True,True
2024-04-09 22:55:36,3818300577,1) CMM Programmer,Tenneco,True,True
2024-04-09 22:56:13,3812006594,1) Senior Software Engineer,"Revela, Inc.",True,True
2024-04-09 22:56:30,3764169601,1) Embedded Software Engineer,LER TechForce,True,True
2024-04-09 22:56:50,3864416985,1) Embedded Engineer,People Tech Group Inc,True,True
2024-04-09 22:57:40,3860849293,1) Embedded Software Engineer,Pure Talent Consulting,True,True
2024-04-09 23:03:01,3887422852,1) Dotnet Developer,Imetris Corporation,True,True
2024-04-09 23:07:22,3860352554,1) Senior Full Stack Shopify Developer,Akantro,True,True
2024-04-09 23:10:37,3885141730,1) Experienced Talend ETL Developer,"Retail Insights, LLC",True,True
2024-04-09 23:16:15,3875092654,"1) IT Ops Engineer II - Primarily Remote/On-Site 2-3 days/mth - MS Windows, Linux, Powershell",Conexess Group,True,True
2024-04-09 23:16:34,3885092790,1) Senior SAS Programmer - only W2,Intellisoft Technologies,True,False
2024-04-09 23:19:25,3827215295,1) Platform Engineer,RE/MAX,True,True
2024-04-09 23:19:59,3840470076,1) Software Engineer,InterEx Group,True,False
2024-04-09 23:20:33,3864393011,1) Application Developer,SysTechCorp Inc,True,False
2024-04-09 23:21:07,3881719303,1) Senior Cloud Developer,JRD Systems,True,False
2024-04-09 23:23:49,3840470076,1) Software Engineer,InterEx Group,True,True
2024-04-09 23:28:02,3885092790,1) Senior SAS Programmer - only W2,Intellisoft Technologies,True,False
2024-04-09 23:30:16,3885092790,1) Senior SAS Programmer - only W2,Intellisoft Technologies,True,True
2025-01-28 23:45:04,4130718733,Part-Time Bitcoin Stacks Backend Developer Intern,BlockLock,True,False
2025-01-29 00:04:39,4135625451,Site Developer,Spartan Auto Care Center,True,True
2025-01-29 00:07:18,4133291952,Founding Engineer (Software),VastVision Technologies,True,True
2025-01-29 00:07:32,4122433196,Full Stack Engineer,Spark,True,True
2025-01-29 00:07:56,4114859089,Jr. Developer,Brooksource,True,True
2025-01-29 00:08:42,4122251876,Web Developer,Hello Gravel,True,True
2025-01-29 00:09:08,4133412884,Junior Software Engineer,Tech Consulting,True,True
2025-01-29 00:09:40,4129560172,Full Stack Software Engineer,"Managed Health Connections, Inc",True,True
2025-01-29 00:10:25,4082688772,Web Designer Frontend Developer,"BFM Group, Inc.",True,True
2025-01-29 00:10:59,4132656250,Automation Developer,Sound Drilling LLC,True,True
2025-01-29 00:11:38,4078151837,Full Stack Developer,Skylark Wireless,True,True
2025-01-29 00:12:09,4117639076,Full Stack Developer,Clinasyst,True,True
2025-01-29 00:12:31,4016434412,Full Stack Engineer,Accend (YC S23),True,True
2025-01-29 00:13:16,4132317049,Web Developer,Wholesale Marine,True,True
2025-01-29 00:13:47,4100032846,Full Stack Engineer,Stealth Aviation AI,True,True
2025-01-29 00:14:25,4132942677,Python Software Engineer,Xonar Technology Inc.,True,True
2025-01-29 00:14:46,4126121246,Frontend Engineer,INSPYR Solutions,True,True
2025-01-29 00:15:16,4133470501,Software Engineer in Mental Health,GreyMatter,True,True
2025-01-29 00:15:38,4056018608,"Entry Level Applications Engineer (Background in: Software Development, Engineering, or Business Administration)",Bend-Tech,True,True
2025-01-29 00:16:16,4117454059,Founding Engineer,MediScan AI,True,True
2025-01-29 00:16:38,4127550390,Full Stack Engineer,Usage AI,True,True
2025-01-29 00:17:09,4134422325,"Software Engineer, Test Automation - AI Schema Inference",Attachments King,True,True
2025-01-29 00:17:40,4121637449,Data Engineer,Bellavance Trucking,True,True
2025-01-29 00:18:19,4032965067,Front End Developer,"V-Soft Consulting Group, Inc.",True,True
2025-01-29 00:18:50,4123392890,Software Developer I,"V-Soft Consulting Group, Inc.",True,True
2025-01-29 00:19:13,4125984290,Software Engineer,BeaconFire Inc.,True,True
2025-01-29 00:20:07,4126316058,Application Developer,"QUAD, a SolomonEdwards Company",True,True
2025-01-29 00:20:29,4120720265,Software Engineer,West500 Partners,True,True
2025-01-29 00:21:15,4122346413,Data Engineer,Allure Medical,True,True
2025-01-29 00:22:08,4123368924,Data Engineer,ShanuDT IT Solutions INC,True,True
2025-01-29 00:22:19,4118861353,Software Developer,Inceed,True,True
2025-01-29 00:22:43,4118861353,Software Developer,Inceed,False,False
2025-01-29 00:25:02,4124195584,Founding Engineer - Full Stack,Voker (YC S24),True,True
2025-01-29 00:25:40,4001749421,Junior Software Engineer,EDC Corporation - AIMS Parking,True,True
2025-01-29 00:26:11,4089265375,Software Engineer (New Grad),Electric Era,True,True
2025-01-29 00:28:20,3515438880,Java Developer - W2 Only,Proxim Systems,True,True
2025-01-29 00:28:50,4135698270,TS/SCI FS Poly Front End Software Developer,Black Cat Technologies,True,True
2025-01-29 00:29:09,4131790319,Java/Spark Developer/Architect,FirstEigen,True,True
2025-01-29 00:30:10,4132915113,Machine Learning Engineer,MathEarth,True,True
2025-01-29 00:30:23,4133511070,Data Warehouse Engineer (AWS/ETL/SQL)--100% REMOTE,Beacon Hill,True,True
2025-01-29 00:31:40,4136515238,Founding Engineer,Enrich Labs,True,True
2025-01-29 00:32:35,4132537111,Wordpress Developer,Zendrop,True,True
2025-01-29 00:32:56,4132902178,GIS Programmer,Satwic Inc,True,True
2025-01-29 00:33:18,4131762091,Forward Deployed Engineer,Intelletec,True,True
2025-01-29 00:33:50,4118982505,Solutions Engineer,Accurant International,True,True
2025-01-29 00:34:28,4137903406,Embedded Dev Engineer,Bestinfo Systems LLC,True,True
2025-01-29 00:34:50,4137904187,Browser Engineer,Bestinfo Systems LLC,True,True
2025-01-29 00:35:03,3765972231,Frontend Engineer - Search & Computer Vision,Verkada,True,False
2025-01-29 00:35:25,4137904092,Triage Engineer,Bestinfo Systems LLC,True,True
2025-01-29 00:35:48,4136205681,Software Validation Engineer,Collabera,True,True
2025-01-29 00:36:03,4136246664,Front End Engineer,Jobot,True,True
2025-01-29 00:36:18,4137555887,Mobile Software Engineer,Primary Talent Partners,True,True
2025-01-29 00:37:16,4136656071,0) IOT Engineer,eMeasurematics - Industrial Autonomous Solutions,True,True
2025-01-29 00:37:30,4133517136,0) Contract - Firmware Modification for New Board Layout,ESP Safety,True,True
2025-01-29 00:37:47,4132277387,0) Cloud Support Engineer,RMO Associates,True,True
2025-01-29 00:38:01,4133620108,0) Software Engineer II,Kforce Inc,True,True
2025-01-29 00:38:17,4133954110,0) Security Engineer,INSPYR Solutions,True,True
2025-01-29 00:38:32,4132593500,0) Reliability Engineer II,Primary Talent Partners,True,True
2025-01-29 00:38:48,4130649817,0) .Net Developer - No C2C,"Elegant Enterprise-Wide Solutions, Inc.",True,True
2025-01-29 00:39:02,4132527571,0) Software Engineer - LLJP00001639,"Softworld, a Kelly Company",True,True
2025-01-29 00:39:16,4133501471,0) Azure Database Engineer,Ledgent Technology,True,True
2025-01-29 00:39:31,4134405622,0) Software Engineer,"Softworld, a Kelly Company",True,True
2025-01-29 00:39:44,4022510910,1) Validation Engineer,Precision Medicine Group,True,False
2025-01-29 00:40:20,4093403305,2) Quantitative Developer,Zimmer Partners LP,True,True
2025-01-29 00:40:37,4119846800,2) Content Engineer,Create,True,True
2025-01-29 00:40:54,4124746025,2) QA Engineer,INSPYR Solutions,True,True
2025-01-29 00:41:36,4118117225,2) Quality Assurance Engineer,Planisware,True,True
2025-01-29 00:41:48,4116516758,2) Full Stack Engineer (Heavy Front End - GraphQL),Dexian,True,True
2025-01-29 00:42:00,4103776465,2) Intermediate AI Engineer,Mitchell Martin Inc.,True,False
2025-01-29 00:42:12,4092016611,2) Software Developer,Inceed,True,True
2025-01-29 00:43:56,4120733772,3) Field Application Engineer,LMI Technologies,True,True
2025-01-29 00:44:08,4134465476,3) BSP Software Engineer,"Softworld, a Kelly Company",True,True
2025-01-29 00:44:47,3952703907,3) Junior Systems Engineer,ANSER,True,False
2025-01-29 00:45:26,4126110510,3) Regulatory Technology Developer,BOX Exchange LLC,True,True
2025-01-29 00:46:02,4127905133,3) Associate Embedded Software Engineer,Mainspring Energy,True,False
2025-01-29 00:46:42,4133954655,3) QA Engineer,BLN24,True,True
2025-01-29 00:47:01,4131153483,3) Systems Engineer,Vaco,True,True
2025-01-29 00:47:25,4133433314,3) MERN/MEAN Full-Stack Developer,BeaconFire Inc.,True,True
2025-01-29 00:47:49,4125978764,3) Web Developer,BeaconFire Inc.,True,True
2025-01-29 00:48:07,4127256127,3) Python Developer,BeaconFire Inc.,True,True
2025-01-29 00:48:20,4116045460,3) Machine Vision Engineer,Syntegon,True,True
2025-01-29 00:48:51,4132945770,3) EA ML Engineer,Protingent,True,True
2025-01-29 00:49:29,4124131282,3) Test Engineer,"VSSI Staffing Services, LLC",True,True
2025-01-29 00:49:40,4036205344,3) IT System Engineer,Search Services,True,True
2025-01-29 00:50:21,4117950569,3) Database Engineer,Community Medical Group,True,True
2025-01-29 00:50:52,4115511294,3) Quality Assurance Engineer,"Spigot, Inc.",True,True
2025-01-29 00:51:04,4115044326,"3) New College Grad Engineer, HDD Embedded Systems Engineer",Western Digital,True,False
2025-01-29 00:51:35,4102084893,3) Software Quality Assurance Engineer,HighByte,True,True
2025-01-29 00:51:50,4124132015,3) Engineer Tech,"VSSI Staffing Services, LLC",True,True
2025-01-29 00:52:01,4125465939,3) Software Engineer - Haskell,Duetto,True,False
2025-01-29 00:52:41,4054068129,3) AI software developer,"Prosecution Genie, Inc.",True,True
2025-01-29 00:53:04,4119127272,3) ACCESS Database Developer,AccessDBExperts,True,True
2025-01-29 00:53:47,3985830494,3) Validation Engineer,Precision For Medicine,True,False
2025-01-29 00:54:18,4120003188,3) Test Engineer,MDMartin Staffing,True,True
2025-01-29 20:33:51,4133412884,Junior Software Engineer,Tech Consulting,True,True
2025-01-29 20:34:46,4124195584,Founding Engineer - Full Stack,Voker (YC S24),True,True
2025-01-29 20:35:24,4116234320,Software Engineer,Create,True,True
2025-01-29 20:36:01,4089265375,Software Engineer (New Grad),Electric Era,True,True
2025-01-29 20:36:31,4078151837,Full Stack Developer,Skylark Wireless,True,True
2025-01-29 20:37:28,4001749421,Junior Software Engineer,EDC Corporation - AIMS Parking,True,True
2025-01-29 20:38:04,4083242176,Software Engineer - Full Stack,"Misapplied Sciences, Inc.",True,True
2025-01-29 20:39:01,4091487574,Full Stack Web Developer,Label Interactive,True,True
2025-01-29 20:39:29,4063862978,Software Engineer,Windmill,True,True
2025-01-29 20:40:06,4097620662,Full Stack Engineer (Angular / Java),AVM Consulting Inc,True,True
2025-01-29 20:40:43,4080034803,"Full Stack Engineer (On-site, NYC, Telehealth Startup)",BIOVERSE,True,True
2025-01-29 20:41:11,3725924298,Software Engineer,CONTINUUM,True,True
2025-01-29 20:48:25,4134813286,Back End Developer,BeaconFire Inc.,True,True
2025-01-29 20:49:11,4134460955,Back End Developer,Ascendion,True,True
2025-01-29 20:50:10,4111445301,1) .NET Back-End Developer,"Infovisa, Inc.",True,True
2025-01-29 20:50:29,4019327314,Backend Developer With Heavy Node.js Experience ,DS Technologies Inc,True,True
2025-01-29 20:51:37,4071682901,Back-End Developer,"ACS Consultancy Services, Inc",True,True
2025-01-29 20:53:01,4133641232,"Back End Developer_AWS Certified_Plano, TX_Only on W2",Chelsoft Solutions Co.,True,True
2025-01-29 20:54:03,4081894131,Back-End Developer,"ACS Consultancy Services, Inc",True,False
2025-01-29 20:57:50,4081894131,Top job picks for you,LinkedIn,True,True
2025-01-29 21:01:15,4138654136,Software Developer - UI/UX,"TSR Consulting Services, Inc.",True,True
2025-01-29 21:02:00,4138450527,Senior Developer,TekWissen ®,True,True
2025-01-29 21:02:37,4138272013,Dotnet Developer,Talent Groups,True,True
2025-01-29 21:04:54,4136808559,Top job picks for you,LinkedIn,True,True
2025-01-29 21:05:40,4136850407,Full Stack Developer,SMARTFOX,True,True
2025-01-29 21:05:50,4138627186,Informatica Developer,Jobs via Dice,False,False
2025-01-29 21:06:11,4138249214,Python Developer,"American Unit, Inc",True,True
2025-01-29 21:06:22,4136756908,Front End Engineer,Jobot,False,False
2025-01-29 21:06:59,4138263568,iOS Developer,Accelon Inc.,True,True
2025-01-29 21:07:18,4136761295,Front End Engineer,Jobot,True,True
2025-01-29 21:08:23,4138622219,Software Engineer,Saia Inc.,True,True
2025-01-29 21:09:01,4138207279,Software Engineer,Solü Technology Partners,True,True
2025-01-29 21:09:39,4138142046,C# Developer,Vernovis,True,True
2025-01-29 21:10:24,4138138160,Web User Interface Developer,CLPS Global,True,True
2025-01-29 21:11:09,4138166240,GraphQL Developer,Saransh Inc,True,True
2025-01-29 21:12:04,4138641301,Android/Full Stack Engineers,APOLLO TECHNOLOGY SOLUTIONS LLC,True,True
2025-01-29 21:12:51,4138424798,Python Developer Sr,WebCreek,True,True
2025-01-29 21:13:21,4138663808,Android Software Engineer,Tinder,False,False
2025-01-29 21:13:32,4136881194,"Software Engineering Intern, FinPlat (Summer 2025)",Chime,False,False
2025-01-29 21:14:19,4138203497,1) .NET Azure Developer,ClifyX,True,True
2025-01-29 21:14:41,4138244802,Android Developer,Infojini Inc,True,True
2025-01-29 21:14:51,4138437087,"Software Development Engineer, AWS Fintech Data platform",Amazon Web Services (AWS),False,False
2025-01-29 21:15:02,4138665622,Android Software Engineer,Tinder,False,False
2025-01-29 21:15:14,4138627186,Informatica Developer,Jobs via Dice,False,False
2025-01-29 21:15:45,4138663808,Android Software Engineer,Tinder,False,False
2025-01-29 21:15:56,4136881194,"Software Engineering Intern, FinPlat (Summer 2025)",Chime,False,False
2025-01-29 21:16:07,4138437087,"Software Development Engineer, AWS Fintech Data platform",Amazon Web Services (AWS),False,False
2025-01-29 21:16:18,4138665622,Android Software Engineer,Tinder,False,False
2025-01-29 21:16:29,4138627186,Jobs,LinkedIn,False,False
2025-01-29 21:16:41,4138431986,Jobs,LinkedIn,False,False
2025-01-29 21:16:56,4138299598,Top job picks for you,LinkedIn,False,False
2025-01-29 21:17:33,4136881194,Jobs,LinkedIn,False,False
2025-01-29 21:18:00,4138437087,Similar Jobs,LinkedIn,True,True
2025-01-29 21:18:11,4138665622,Android Software Engineer,Tinder,False,False
2025-01-29 21:18:22,4138627186,Informatica Developer,Jobs via Dice,False,False
2025-01-29 21:18:33,4138431986,"Software Development Engineer, Amazon",Amazon,False,False
2025-01-29 21:18:45,4138299598,Fullstack Engineer,JPMorganChase,False,False
2025-01-29 21:19:14,4125873463,Java Software Engineer,Capgemini,True,True
2025-01-29 21:19:44,4136881194,"Software Engineering Intern, FinPlat (Summer 2025)",Chime,False,False
2025-01-29 21:19:55,4138627186,Jobs,LinkedIn,False,False
2025-01-30 11:50:51,4124755711,System Engineer,Howard Industries,True,True
2025-01-30 11:51:42,4117627103,Software Firmware Engineer,SEEQC,True,True
2025-01-30 11:52:14,4116370171,Systems Engineer,Allied IT Systems,True,True
2025-01-30 11:52:26,4117557182,Exchange Engineer,McGregor Boyall,True,True
2025-01-30 11:52:46,4128204536,4) .NET Developer (Local to Charlotte),Vaco,True,True
2025-01-30 11:52:57,4096168607,Associate Systems Engineer (5551),MetroStar,True,False
2025-01-30 11:53:09,4124179422,Embedded Software- Engineer - LLJP00001601,"Softworld, a Kelly Company",True,True
2025-01-30 11:53:32,4124179422,Embedded Software- Engineer - LLJP00001601,"Softworld, a Kelly Company",False,False
2025-01-30 11:53:56,4124139990,Data Infrastructure Engineer,Prestige Staffing,True,True
2025-01-30 11:54:15,4091550056,Angular Developer,"Liberty Personnel Services, Inc.",True,True
2025-01-30 11:54:35,4133546205,CNC Programmer,Vaco,True,True
2025-01-30 11:55:07,4129254518,Mobile Developer,Ledgent Technology,True,True
2025-01-30 11:55:19,4117973987,"Java Engineer, AVP - Trading Systems",McGregor Boyall,True,True
2025-01-30 11:55:43,4117973987,"Java Engineer, AVP - Trading Systems",McGregor Boyall,False,False
2025-01-30 11:56:14,4072295393,Front End Software Engineer,SS&C Technologies,True,True
2025-01-30 11:56:44,4008827926,Java Developer (W2 Only),PTR Global,True,True
2025-01-30 11:57:09,4126314425,Jr. Site Reliability Engineer,Brooksource,True,True
2025-01-30 11:57:32,4124188591,Web Development Engineer,TransPerfect,True,True
2025-01-30 11:58:08,4121931221,Java Software Engineer,ALTEN Technology USA,True,False
2025-01-30 11:58:39,4099786235,Full-Stack React Developer (W2 Only),PTR Global,True,True
2025-01-30 11:59:04,4106016161,Full Stack Engineer,Focus AI,True,True
2025-01-30 11:59:26,4131187607,Junior Android Developer,Talent Strap,True,True
2025-01-30 11:59:38,4117440240,Junior Software Engineer,Brooksource,True,False
2025-01-30 12:00:15,4071925269,Java Software Engineer,ALTEN Technology USA,True,False
2025-01-30 12:00:39,4122684080,Java Software Engineer,BeaconFire Inc.,True,True
2025-01-30 12:00:51,4132711668,SharePoint Developer,Inceed,True,True
2025-01-30 12:00:59,4139232292,Java Developer *Entry Level Position*,swiftlead,False,False
2025-01-30 12:01:19,4128249553,Front End Software Engineer,STAND 8 Technology Consulting,True,True
2025-01-30 12:01:32,4136777392,4) .NET Web Application Developer,"Elegant Enterprise-Wide Solutions, Inc.",True,True
2025-01-30 12:02:12,4133433312,Java Software Engineer,BeaconFire Inc.,True,True
2025-01-30 12:02:33,4138308512,Software Developer / Remote / Angular15+ and C#,Jobot,True,True
2025-01-30 12:02:48,4138304789,Software Engineer,Jobot,True,True
2025-01-30 12:03:08,4138626080,Front End Web Developer,"Softworld, a Kelly Company",True,True
2025-01-30 12:03:32,4125984419,Java Web Developer,BeaconFire Inc.,True,True
2025-01-30 12:03:53,4139221218,Java Developer,Open Systems Technologies,True,True
2025-01-30 12:04:25,4139313677,Junior Software Engineer,Brooksource,True,True
2025-01-30 12:05:05,4119822829,Software Developer (Identity),Bandwidth Inc.,True,False
2025-01-30 12:05:49,4049323543,Java Lead Developer (W2 Only),PTR Global,True,True
2025-01-30 12:06:50,4124131211,Software Engineer,Randstad Digital,True,True
2025-01-30 12:07:03,4131433860,Software Developer - LLJP00001635,"Softworld, a Kelly Company",True,True
2025-01-30 12:07:33,4034691852,10034 - Software Engineer III (Java API),Hyundai AutoEver America,True,False
2025-01-30 12:08:11,4034691852,10034 - Software Engineer III (Java API),Hyundai AutoEver America,True,True
2025-01-30 12:09:07,4096168347,Software Engineer,Brooksource,True,True
2025-01-30 12:09:48,4117980123,Junior React Developer,Brooksource,True,True
2025-01-30 12:11:46,4138354968,Mid-Level Java Back-end,Smart Capital Center,True,True
2025-01-30 12:12:10,4125980816,Python Full Stack Developer,BeaconFire Inc.,True,True
2025-01-30 12:12:33,4125980623,MERN/MEAN Full-Stack Developer,BeaconFire Inc.,True,True
2025-01-30 12:12:48,4138307778,Front End Engineer,Jobot,True,True
2025-01-30 12:13:02,4138303846,Front End Engineer,Jobot,True,True
2025-01-30 12:13:21,4138161709,Web Developer,iConsultera,True,True
2025-01-30 12:13:43,4138301723,Application Developer-Entry level,Jobot,True,True
2025-01-30 12:24:58,4125209104,Software Engineer 2,"Burke Porter, an Ascential Technologies Company",False,False
2025-01-30 12:25:10,4137451472,Full Stack Software Engineer,Cline,True,True
2025-01-30 12:26:15,4137050355,Software Developer Jobs,LinkedIn,True,True
2025-01-30 12:26:23,4123350775,Software Engineer,"Pappas Restaurants, Inc.",False,False
2025-01-30 12:26:31,4118722685,Entry Level Software Developer,SkillStorm,False,False
2025-01-30 12:26:39,4110435252,Entry Level Software Developer,SkillStorm,False,False
2025-01-30 12:26:47,908501038,Full Stack Engineer,PredictionHealth,False,False
2025-01-30 12:30:36,4138953650,Software Engineer,Talent Groups,True,True
2025-01-30 12:31:14,4138320573,IT Engineer - Software (Entry Level),Hyper Recruitment Solutions,True,True
2025-01-30 12:31:35,4138261167,Software Engineer,"Hired by Matrix, Inc",True,True
2025-01-30 12:31:50,4138310059,Front End Engineer,Jobot,True,True
2025-01-30 12:32:04,4138308544,Applications Engineer,Jobot,True,True
2025-01-30 12:33:01,4125306802,Junior Software Engineer,Belay Technologies,True,True
2025-01-31 15:47:36,4137434566,System Engineer,"AVAJEN, LLC",True,True
2025-01-31 15:48:00,4137299800,Applications Engineer,Wilder Systems Robots,True,True
2025-01-31 15:48:41,4136609911,Jr Android Developer,Tech Consulting,True,True
2025-01-31 15:50:39,4137050355,Top job picks for you,LinkedIn,True,True
2025-01-31 15:51:08,4135915227,Mobile Application Developer,Tech Consulting,True,True
2025-01-31 15:51:31,4125026585,Software Engineer - Embedded Multimedia & Telemetry Systems,"Concordia Technologies, Inc.",True,True
2025-01-31 15:52:09,4117440240,Junior Software Engineer,Brooksource,True,True
2025-01-31 15:52:33,4137050355,Applications Developer,"Bespoke Technologies, Inc.",False,False
2025-01-31 15:52:54,4123342441,Mobile Developer,Technology Navigators,True,True
2025-01-31 15:53:52,4116234201,Full-Stack Software Engineer,Twist Bioscience,True,False
2025-01-31 15:54:34,4137050355,Applications Developer,"Bespoke Technologies, Inc.",False,False
2025-01-31 15:54:42,4132486162,Front End Developer,Dexian,False,False
2025-01-31 15:56:46,4138165007,Junior DevOps Engineer,Tech Consulting,True,True
2025-01-31 15:57:05,4134667074,Founding Engineer,CollectWise (YC F24),True,True
2025-01-31 15:57:29,4129896826,DevOps Engineer,BeaconFire Inc.,True,True
2025-01-31 15:58:23,4089778294,IOS Developer,AVM Consulting Inc,True,True
2025-01-31 15:58:30,4137050355,Applications Developer,"Bespoke Technologies, Inc.",False,False
2025-01-31 15:58:57,4123606288,FPGA and Embedded Firmware Engineer,Zadar Labs,True,True
2025-01-31 15:59:19,4131190231,Junior React Native Developer,Talent Strap,True,True
2025-01-31 15:59:36,4136654418,Junior Site Reliability Engineer,Brooksource,True,True
2025-01-31 16:00:42,4136520555,Embedded Linux Engineer – Yocto Specialist,HAE Innovations,True,True
2025-01-31 16:00:50,4137050355,Applications Developer,"Bespoke Technologies, Inc.",False,False
2025-01-31 16:01:02,4124761035,Dotnet Developer,MaximaTek,True,True
2025-01-31 16:01:10,4136654418,Junior Site Reliability Engineer,Brooksource,False,False
2025-01-31 16:01:50,4136991601,Junior Mobile Developer,Tech Consulting,True,True
2025-01-31 16:02:14,4137050355,Applications Developer,"Bespoke Technologies, Inc.",False,False
2025-01-31 16:03:15,4127760382,Web Developer,igus Inc.,True,False
2025-01-31 16:03:39,4137050355,Applications Developer,"Bespoke Technologies, Inc.",False,False
2025-01-31 16:04:02,4137050355,Applications Developer,"Bespoke Technologies, Inc.",False,False
2025-01-31 16:04:37,4139510259,Hardware Integration Specialist,Fast Forward,True,True
2025-01-31 16:04:50,4139905423,Technical Specialist - Junior - High,"V-Soft Consulting Group, Inc.",True,True
2025-01-31 16:06:09,4137765917,Entry Level Cloud Engineer,Dantech Corporation Inc.,True,True
2025-01-31 16:06:21,4121183183,CRM Engineer,STAND 8 Technology Consulting,True,True
2025-01-31 16:07:06,4139895460,Mobile Service Technician,3i People,True,True
2025-01-31 16:07:25,4138220170,Android Developer,STAND 8 Technology Consulting,True,True
2025-01-31 16:08:03,4139750030,Entry Level Android Developer - training placement/W2,LinaHR,True,True
2025-01-31 16:09:52,4125399285,Assistant Product Developer,Allen Lund Company,True,True
2025-01-31 16:10:00,4137050355,Applications Developer,"Bespoke Technologies, Inc.",False,False
2025-01-31 16:10:31,4137622293,System Engineer,Robert Half,True,True
2025-01-31 16:10:59,4136959046,Citrix Engineer,PTR Global,True,True
2025-01-31 16:11:30,4138630372,Salesforce Developer,Magnus Technology Solutions,True,True
2025-01-31 16:11:53,4138635842,Maui Mobile Developer,"Kava Up, LLC",True,True
2025-01-31 16:12:15,4137904233,Rust Engineer,Bestinfo Systems LLC,True,True
2025-01-31 16:12:27,4022510909,Validation Engineer,Precision Medicine Group,True,False
2025-01-31 16:12:43,4137619981,Embedded Engineer,"V-Soft Consulting Group, Inc.",True,True
2025-01-31 16:12:51,4137050355,Applications Developer,"Bespoke Technologies, Inc.",False,False
2025-01-31 16:13:19,4111273442,Software Quality Engineer,Polaris Inc.,True,True
2025-01-31 16:13:31,3985834140,Validation Engineer,Precision For Medicine,True,False
2025-01-31 16:14:10,4127546306,Platform Engineer 1,Encore Talent Solutions,True,True
2025-01-31 16:14:35,4131447895,Associate Engineer,Brooksource,True,True
2025-01-31 16:15:28,4131451830,Associate Engineer,Brooksource,True,True
2025-01-31 16:16:09,4124742834,Entry Level ML Ops Engineer,Agility Partners,True,True
2025-01-31 16:16:58,4138456104,Utility Operations Application Specialist,"Hired by Matrix, Inc",True,True
2025-01-31 16:18:29,4099649871,Future CloudFitter,CloudFit Software,True,False
2025-01-31 16:18:52,4099938566,Flight Controller Developer - PX4,Rainmaker Technology Corporation,True,True
2025-01-31 16:19:04,4137790937,Crypto Production Reliability Engineer,Selby Jennings,True,True
2025-01-31 16:19:16,4138824157,Cross Domain Solutions Systems Engineer 13843,"Softworld, a Kelly Company",True,True
2025-01-31 16:19:28,4074536839,Cloud Development Engineer - Observability,Pegasystems,True,True
2025-01-31 16:19:49,4138306789,Remote Full Stack Engineer (React / Ruby on Rails),Jobot,True,True
2025-02-01 13:38:38,4127862437,Site Reliability Engineer,Brooksource,True,True
2025-02-01 13:38:51,4132135576,Scala Developer/Functional Programming Opportunity--Madison,Beacon Hill,True,True
2025-02-01 13:39:10,4133528280,Embedded S/W Engineering - Secret - TX,"Softworld, a Kelly Company",True,True
2025-02-01 13:39:21,4093669462,Associate Systems Engineer (5550),MetroStar,True,False
2025-02-01 13:39:51,4022955189,Full-Stack Java & Angular Developer (W2 Only),PTR Global,True,True
2025-02-01 13:40:21,4073026275,DevOps Engineer,Inceed,True,True
2025-02-01 13:40:33,4105032915,DevOps Software Developer/ Java,Motion Recruitment,True,True
2025-02-01 13:41:03,4018747440,Full-Stack Java & React Developer (W2 Only),PTR Global,True,True
2025-02-01 13:41:35,4117459225,Junior Site Reliability Engineer,Brooksource,True,True
2025-02-01 13:42:04,4129995744,Database Developer,Start Early,True,True
2025-02-01 13:43:18,4124187172,Software Engineer,forml,True,True
2025-02-01 13:43:30,4074916910,9) .Net Developer,Inceed,True,True
2025-02-01 13:44:10,4124690372,iOS Developer,BeaconFire Inc.,True,True
2025-02-01 13:44:59,4114865521,9) .NET Developer (junior or mid) - PERM!,Talent Groups,True,True
2025-02-01 13:45:23,4121852614,C# / VB.NET Developer,Jones Grove IT Recruiting,True,True
2025-02-01 13:45:57,4041218416,Software Engineer,SlateSafety®,True,True
2025-02-01 13:46:13,4129682269,Data Engineer,BeaconFire Inc.,True,True
2025-02-01 13:46:49,4120728988,Java Developer,Tandym Group,True,True
2025-02-01 13:47:13,4138351726,MERN/MEAN Full-Stack Developer,BeaconFire Inc.,True,True
2025-02-01 13:48:11,4127610266,Full Stack Engineer,NetBounce Placement,True,True
2025-02-01 13:49:27,4127760382,Web Developer,igus Inc.,True,False
2025-02-01 13:49:39,4129680711,Java Full Stack Developer,BeaconFire Inc.,True,True
2025-02-01 13:50:52,4132463405,Software Engineer (C++ & CUDA),Cyborg Inc.,True,True
2025-02-01 13:51:09,4113640208,Java Software Engineer,BeaconFire Inc.,True,True
2025-02-01 13:51:29,4130757706,Junior Full Stack Developer,Search Services,True,True
2025-02-01 13:51:53,4113640201,Full Stack Engineer,BeaconFire Inc.,True,True
2025-02-01 13:52:52,4093669462,Associate Systems Engineer (5550),MetroStar,True,False
2025-02-01 13:53:04,4103772378,SR. Full Stack Developer (Salesforce Commerce Cloud),Mitchell Martin Inc.,True,False
2025-02-01 13:53:44,4125874919,Junior Software Engineer,Brooksource,True,True
2025-02-01 13:54:23,4127868726,Junior Java Developer,Insight Global,True,True
2025-02-01 13:54:42,4117437433,Junior Data Infrastructure Engineer,"ACR Alpine Capital Research, LLC",True,True
2025-02-01 13:54:55,4063663211,Junior Java Software Engineer,Ninth Wave,True,True
2025-02-01 13:55:12,4114861737,Jr. Modern Tech Developer,Brooksource,True,True
2025-02-01 13:55:25,4129681750,Full Stack Web Developer,BeaconFire Solution Inc.,True,True
2025-02-01 13:55:38,4083782738,Application Developer,Proven Recruiting,True,True
2025-02-01 13:58:16,4132377280,Software Developer - Hybrid,Agate Software,True,True
2025-02-01 13:58:34,4132496017,Full Stack Developer,Dexian,True,True
2025-02-01 13:58:51,4121368070,Java Software Engineer,BeaconFire Solution Inc.,True,True
2025-02-01 13:58:59,4083782738,Application Developer,Proven Recruiting,False,False
2025-02-01 13:59:24,4109046575,Front End Developer,BlueChew,True,True
2025-02-01 13:59:49,4124145495,Junior Python Developer,Swoon,True,True
2025-02-01 14:00:29,4120714728,Junior Software Engineer,BookedBy,True,True
2025-02-01 14:00:40,4111099194,Associate Software Engineer (5533),MetroStar,True,False
2025-02-01 14:04:57,4105437704,Software Engineer,TAG - The Aspen Group,True,True
2025-02-01 14:05:25,4124188602,Software Engineer (WPF/C#/SQL),Tandym Group,True,True
2025-02-01 14:05:50,4121364319,MERN/MEAN Stack Developer,BeaconFire Inc.,True,True
2025-02-01 14:06:43,4080665435,Junior Application Developer,Talener,True,True
2025-02-01 14:06:55,4103772378,SR. Full Stack Developer (Salesforce Commerce Cloud),Mitchell Martin Inc.,True,False
2025-02-01 14:11:03,3787737418,Java Developer,Vodastra Technologies,True,True
2025-02-01 14:11:20,4010555808,Java Full Stack Developer ,Accord Technologies Inc,True,True
2025-02-01 14:11:43,4007014614,Java Developer,IT Minds LLC,True,True
2025-02-01 14:12:07,4090613200,Java Front end developer,"ACS Consultancy Services, Inc",True,True
2025-02-01 14:12:31,4080292663,JAVA Full Stack Developer,"ACS Consultancy Services, Inc",True,True
2025-02-01 14:12:54,4000836054,Full Stack Developer,"ACS Consultancy Services, Inc",True,True
2025-02-01 14:13:16,4131409927,Software Developer / Software Engineer,Precision Technologies,True,True
2025-02-01 14:13:55,4120001076,"Full Stack Web Developer_Sausalito, CA_Only on W2",Chelsoft Solutions Co.,True,True
2025-02-01 14:14:28,4118384076,Back End Software Engineer,Pointer Technologies,True,True
2025-02-01 14:14:40,4022706743,9) (Embedded) Software Engineer II #REF2246I,Elbit Systems of America,True,False
2025-02-01 14:15:34,4037557899,Web Developer - Angular,Nevco Sports,True,True
2025-02-01 14:16:17,4127760382,Web Developer,igus Inc.,True,False
2025-02-02 02:22:43,4139509948,Back End Developer,PrintNinja 511 Capital,True,True
2025-02-02 02:23:32,4081010706,C/C++/Linux/JIRA Software Engineer (Triage / DLT),"Datamtx, LLC",True,True
2025-02-02 02:23:55,3866434973,Software Engineer,Celligence,True,True
2025-02-02 02:24:20,4095427081,Junior Software Engineer,JoeScan,True,True
2025-02-02 02:24:57,4139508807,Full Stack Engineer,Fast Forward,True,True
2025-02-02 02:25:09,4105483226,Backend Engineer,Popl,True,True
2025-02-02 02:25:32,4063862978,Software Engineer,Windmill,True,True
2025-02-02 02:26:47,4130055283,LinkedIn Easy Apply jobs,LinkedIn,True,True
2025-02-02 02:27:18,4139911683,Full-Stack AI Developer (ON-SITE),Ringy,True,True
2025-02-02 02:27:39,4120700595,Application Developer - Kotlin/Java,eTeam,True,True
2025-02-02 02:27:55,4136171332,Java Developer Demand #22399,US Tech Solutions,True,True
2025-02-02 02:28:18,4125984370,Java Software Engineer,BeaconFire Inc.,True,True
2025-02-02 02:29:53,4141019035,Systems Engineer,Semcon,True,True
2025-02-02 02:30:12,4140995221,Looking for a skilled engineer with a strong background in Blockchain,"JDI Risk Advisors, LLC.",True,True
2025-02-02 02:30:53,4013798662,Software Developer,Digital Janet,True,True
2025-02-02 02:31:18,4024440983,Backend Java Developer || Only W2,Sibitalent Corp,True,True
2025-02-02 02:36:47,4025835360,Top job picks for you,LinkedIn,True,True
2025-02-02 02:38:16,3919477089,Junior Software Engineer,Belay Technologies,True,True
2025-02-02 02:38:40,3996596968,Java Full Stack Developer,First Soft Solutions LLC,True,True
2025-02-02 02:39:04,4071682901,Back-End Developer,"ACS Consultancy Services, Inc",True,True
2025-02-02 02:39:28,4074089449,"Back End Engineer (Golang, AWS)",Bright Mind Solutions LLC,True,True
2025-02-02 02:41:40,4114866107,Junior Python Developer,Swoon,True,True
2025-02-02 02:42:04,4134460955,Back End Developer,Ascendion,True,True
2025-02-02 02:42:16,4106863033,Full Stack Developer,Mitchell Martin Inc.,True,False
2025-02-02 02:42:29,4136511375,Junior Java Developer,MaximaTek,True,True
2025-02-02 02:42:51,4121646324,Full Stack Engineer,ThirdLaw AI,True,True
2025-02-02 02:43:15,4027576453,Jr Java Developer,Accord Technologies Inc,True,True
2025-02-02 02:44:15,4130758908,Software Engineer,"Forte Dynamics, Inc.",True,True
2025-02-02 02:44:49,4132074090,Junior Software Developer,PXGEO,True,True
2025-02-02 02:45:33,4127926785,Junior Software Engineer,"Pango Technology, Inc.",True,True
2025-02-02 02:45:57,4132363569,Java Backend Developer,Accord Technologies Inc,True,True
2025-02-02 02:47:18,4130865721,"Software Engineer, Junior","Render Security Engineering, LLC",True,True
2025-02-03 15:29:22,4142830804,Software Engineer,RingRadar,True,True
2025-02-03 15:29:48,4142836198,Frontend Developer,"KGS Technology Group, Inc",True,True
2025-02-03 15:30:16,4142833642,Golang developer,"Tanisha Systems, Inc",True,True
2025-02-03 15:30:35,4143013730,Test Engineer,NexTech Solutions LLC,True,True
2025-02-03 15:35:41,4142282565,LinkedIn Easy Apply jobs,LinkedIn,True,True
2025-02-03 15:36:14,4142238957,Junior Data Engineer,Tech Consulting,True,True
2025-02-03 15:36:26,4142402146,Software Engineer,Arrow Search Partners,True,True
2025-02-03 15:37:02,4136193970,Software Development Engineer In Test (SDET),Henderson Scott UK,True,True
2025-02-03 15:37:16,4138177570,Test Engineer,"VSSI Staffing Services, LLC",True,True
2025-02-03 15:37:34,4138334136,Software Engineer in Test,Dexian,True,True
2025-02-03 15:38:14,4136620893,Junior Software Engineer,Brooksource,True,True
2025-02-03 15:38:33,4136188565,Security Engineer,Alexander Technology Group,True,True
2025-02-03 15:38:56,4136188565,Security Engineer,Alexander Technology Group,False,False
2025-02-03 15:39:04,4136620893,Junior Software Engineer,Brooksource,False,False
2025-02-03 15:39:17,4138817862,Software Engineer 13850,"Softworld, a Kelly Company",True,True
2025-02-03 15:39:29,4130662950,Software Engineer (Hardware Tools and Infrastructure),Arista Networks,True,False
2025-02-03 15:39:57,4133292915,Data Engineer,Ledgent Technology,True,True
2025-02-03 15:40:14,4138349754,Data Engineer,BeaconFire Inc.,True,True
2025-02-03 15:40:36,4139291567,IT Infrastructure Design - Software Developer - Full Stack Software Developer - Full Stack,eTeam,True,True
2025-02-03 15:40:51,4138177552,Engineer Tech,"VSSI Staffing Services, LLC",True,True
2025-02-03 15:41:22,4138258030,Cloud Engineer,INSPYR Solutions,True,True
2025-02-03 15:42:23,4076032080,System Engineer,Albertsons Companies,True,True
2025-02-03 15:43:42,4137619941,Integration and Test Engineer,Sesheng,True,True
2025-02-03 15:44:06,4137619941,Integration and Test Engineer,Sesheng,False,False
2025-02-03 15:44:30,4137619941,Integration and Test Engineer,Sesheng,False,False
2025-02-03 15:44:58,4142837809,Junior C++ Software Engineer,Talan,True,False
2025-02-03 15:45:26,4142837809,Junior C++ Software Engineer,Talan,True,False
2025-02-03 15:45:54,4142837809,Junior C++ Software Engineer,Talan,True,False
2025-02-03 15:47:31,4127905133,Associate Embedded Software Engineer,Mainspring Energy,True,False
2025-02-03 15:47:43,4139340854,Software Engineer 2 - Contingent,PTR Global,True,True
2025-02-03 15:49:11,4101859253,System Engineer,ringon service,True,True
2025-02-03 15:50:34,4130598010,VRS Engineer,ITS USA LLC,True,True
2025-02-03 15:50:58,4130598010,VRS Engineer,ITS USA LLC,False,False
2025-02-03 15:54:37,4106863033,Full Stack Developer,Mitchell Martin Inc.,True,False
2025-02-03 15:55:05,4106863033,Full Stack Developer,Mitchell Martin Inc.,True,False
2025-02-03 15:57:42,4137487760,"Product Development Associate - Tech - Consumer Products (electronics, home products, others)",Chug Inc. / GEMS,True,True
2025-02-05 11:31:36,4139911079,Frontend Developer,PrintNinja 511 Capital,True,True
2025-02-05 11:31:59,4142261331,Dotnet Developer,Magnus Technology Solutions,True,True
2025-02-05 11:32:46,4141860473,Software Engineer,Challenger Defense Solutions,True,True
2025-02-05 11:33:08,4138001562,Software Engineering - Software Engineer (Full-Stack),INSPYR Solutions,True,True
2025-02-05 11:33:27,4141358045,Python Developer,THE TROUBLESHOOTER,True,True
2025-02-05 11:33:51,4137793699,Embedded Software Engineer,BY Recruiting Inc.,True,True
2025-02-05 11:34:29,4134478770,Application Engineer,Smartleaf,True,True
2025-02-05 11:34:52,4137024545,Java Software Engineer,Flexton Inc.,True,True
2025-02-05 11:35:12,4139693839,Junior Web Developer,Think It First,True,True
2025-02-05 11:35:34,4138503900,System Engineer,Wabtec Corporation,True,True
2025-02-05 11:37:02,4127905133,Associate Embedded Software Engineer,Mainspring Energy,True,False
2025-02-05 11:38:49,4142265994,Top job picks for you,LinkedIn,True,True
2025-02-05 11:39:57,4138631619,Software Quality Assurance Engineer (QA / QC) In-Person in Aliso Viejo,AWM,True,True
2025-02-05 11:41:27,4142281639,software engineer Jobs,LinkedIn,True,False
2025-02-05 11:41:49,4139171669,Software Engineer,Acceler8 Talent,True,True
2025-02-05 11:43:55,4136867308,Simulation Software Developer,METECS,True,True
2025-02-05 11:44:15,4139765636,UI Developer / Front End Developer,Dexian,True,True
2025-02-05 11:45:06,4142988924,Mobile Application Developer,Tech Consulting,True,True
2025-02-05 11:45:26,4139347208,Software Engineer,Beacon Hill,True,True
2025-02-05 11:47:28,4142606042,Applications Developer,kSARIA,True,True
2025-02-05 11:48:04,4141173490,UI/UX Developer,Ledgent Technology,True,True
2025-02-05 11:48:54,4127905133,Associate Embedded Software Engineer,Mainspring Energy,True,False
2025-02-05 11:49:05,4142851689,Founding Forward Deployed AI Engineer,Fulcrum,True,False
2025-02-05 11:53:21,4129215333,CNC Application Engineer,NUM AG,True,True
2025-02-05 11:53:42,4130611006,"Engineer, Digital Systems & Reliability",Tandym Group,True,True
2025-02-05 11:54:01,4077406137,Systems Engineer,CyberCoders,True,True
2025-02-05 11:54:33,4137692555,Shopify Web Developer & Online Merchandiser,Hyperwear®,True,True
2025-02-05 11:54:53,4123392270,C++ Trading Systems Developer,"CPS, Inc.",True,True
2025-02-05 11:55:13,4132389723,Software Engineer IV - Embedded Telematics Engineer,"Softworld, a Kelly Company",True,True
2025-02-05 11:55:38,4129215333,CNC Application Engineer,NUM AG,False,False
2025-02-05 11:56:09,4118598238,Engineering Specialist - BAS Programmer,Pritchett Controls,True,True
2025-02-05 11:56:28,4130160408,Staff Firewall Embedded Systems SE,Ledgent Technology,True,True
2025-02-05 11:56:41,4096350192,CNC Programmer,CyberCoders,True,False
2025-02-05 11:56:52,4093669462,Associate Systems Engineer (5550),MetroStar,True,False
2025-02-05 11:57:11,4125488196,Jr. Software Engineer - ECAT Specialist - Japanese Bilingual,CyberCoders,True,True
2025-02-05 11:58:53,3952703907,Junior Systems Engineer,ANSER,True,False
2025-02-05 12:00:21,4125947017,Microsoft D365 CE Developer,Nexer Enterprise Applications,True,True
2025-02-05 12:01:47,4106577010,Associate Systems Engineer - Cybersecurity,ANSER,True,False
2025-02-05 12:02:06,4016532631,C# Software Engineers Real Time Object Oriented,"Liberty Personnel Services, Inc.",True,True
2025-02-05 12:02:25,4115792071,Web & App Development Professionals,Legend Cookhouse Chefs Gourmet Inc.,True,True
2025-02-05 12:02:43,4091844825,MS Dynamics Great Plains Software Developer (with Dexterity & VBA experience),Codeworks IT Careers,True,True
2025-02-05 12:03:02,4140063761,Web Manager + Developer -Hybrid in Houston,Creative Circle,True,True
2025-02-05 12:03:29,4093669462,Associate Systems Engineer (5550),MetroStar,True,False
2025-02-05 12:04:09,3952703907,Junior Systems Engineer,ANSER,True,False
2025-02-05 12:04:49,4065551563,Full Stack Developer,"Princeton IT Services, Inc",True,True
2025-02-05 12:09:20,4103533938,Similar Jobs,LinkedIn,True,True
2025-02-05 12:10:01,4122432392,Junior Embedded System Software Engineer,TP-Link Systems Inc.,True,False
2025-02-05 12:10:25,4126515578,Web developer,"ACS Consultancy Services, Inc",True,True
2025-02-05 12:10:47,4142391869,Junior Developer,Allergy Voyage,True,True
2025-02-05 12:11:11,4092076051,Web Applications Engineer,"ACS Consultancy Services, Inc",True,True
2025-02-05 12:11:38,4093669462,Associate Systems Engineer (5550),MetroStar,True,False
2025-02-05 12:12:52,3952703907,Junior Systems Engineer,ANSER,True,False
2025-02-05 12:17:30,4077615000,Systems Engineering Technician,Musco Lighting,True,False
2025-02-05 12:17:49,4126805367,"Jr Software Engineer - Bilingual Japanese, EtherCAT",CyberCoders,True,True
2025-02-05 12:18:17,4093669462,Associate Systems Engineer (5550),MetroStar,True,False
2025-02-05 12:18:59,3952703907,Junior Systems Engineer,ANSER,True,False
2025-02-05 12:19:26,4093669462,Associate Systems Engineer (5550),MetroStar,True,False
2025-02-05 12:19:53,4093669462,Associate Systems Engineer (5550),MetroStar,True,False
2025-02-05 12:20:19,4093669462,Associate Systems Engineer (5550),MetroStar,True,False
2025-02-05 12:20:48,4093669462,Associate Systems Engineer (5550),MetroStar,True,False
2025-02-05 12:20:56,3952703907,Jobs,LinkedIn,False,False
2025-02-05 12:21:04,4096350192,Jobs,LinkedIn,False,False
2025-02-05 12:21:28,4115186242,"Intern, Technical Support (R&D Engineer)",General Dynamics Ordnance and Tactical Systems,False,False
2025-02-05 12:21:47,4118107167,Field/Office Engineer Intern - Southeast - Summer 2025,Kiewit,True,True
2025-02-05 12:21:55,4083787916,Software Developer Intern,AgFirst Farm Credit Bank,False,False
2025-02-05 12:27:12,4118552221,Similar Jobs,LinkedIn,True,True
2025-02-05 12:27:20,4126149603,Summer 2025 Information Technology Intern,Packaging Corporation of America,False,False
2025-02-05 12:27:28,4120749676,"Intern, Technical Support (Quality Assurance Engineer)",General Dynamics Ordnance and Tactical Systems,False,False
2025-02-05 12:27:35,3973589806,Co-op - Spring 2025,RoviSys,False,False
2025-02-05 12:28:02,4093669462,Associate Systems Engineer (5550),MetroStar,True,False
2025-02-05 12:28:30,4093669462,Associate Systems Engineer (5550),MetroStar,True,False
2025-02-05 12:29:30,4127760382,Web Developer,igus Inc.,True,False
2025-02-05 12:31:24,4142063268,Systems Engineer,"Bastion Technologies, Inc.",True,True
2025-02-05 12:41:37,4144441300,Junior Software Engineer,Levy Professionals,True,True
2025-02-05 12:42:18,4117457899,Ubuntu IT Engineer,Red Oak Technologies,True,True
2025-02-05 12:44:36,4144911979,Game Server Engineer,FS Studio,True,True
2025-02-05 12:45:07,4142353934,Entry Level Android developer /training placement/W2,LinaHR,True,True
2025-02-05 12:45:15,4142393824,Freelance Web Developer,BoLS Interactive LLC (Bell of Lost Souls),False,False
2025-02-05 12:45:37,4144423577,Software Engineer,BCforward,True,True
2025-02-05 13:19:15,4144816160,Junior Cloud Developer,Tech Consulting,True,True
2025-02-05 13:20:21,4139886098,Jr. PI Developer,Insight Global,True,True
2025-02-05 13:21:12,4139536480,Diamond Developer,Beacon Hill,True,True
2025-02-05 13:21:31,4111274041,Software Quality Engineer,Polaris Inc.,True,True
2025-02-05 13:22:02,4119221286,ML Infra Engineers,Sapient Intelligence,True,True
2025-02-05 13:22:21,4111268836,Software Quality Engineer,Polaris Inc.,True,True
2025-02-05 13:22:41,4139383673,Sitecore Developer,"Hired by Matrix, Inc",True,True
2025-02-05 13:23:01,4138810974,Systems Engineer (Medical Devices),Beacon Hill,True,True
2025-02-05 13:23:30,3999826220,"Software Engineer, iOS (All Teams)",DoorDash,True,False
2025-02-05 13:23:41,3909357353,"Member of Technical Staff, Research Engineer (Finetuning)",Inflection AI,True,False
2025-02-05 13:23:53,3959595742,"Machine Learning Engineer, Fine-Tuning API",Together AI,True,False
2025-02-05 13:24:13,4136813747,Cloud Engineer,Horizontal Talent,True,True
2025-02-05 13:24:24,4118591606,Solution Engineer,Poka Inc.,True,False
2025-02-05 13:24:47,4117440707,Data Scientist,Zest AI,True,True
2025-02-05 13:25:08,4139913200,Data Engineer,RSC Solutions,True,True
2025-02-05 13:27:34,4142851689,Founding Forward Deployed AI Engineer,Fulcrum,True,True
2025-02-05 13:30:24,4136864926,Top job picks for you,LinkedIn,True,True
2025-02-05 13:31:04,4137572768,Top job picks for you,LinkedIn,True,True
2025-02-05 13:32:54,4142281639,Similar Jobs,LinkedIn,True,True
2025-02-05 13:33:13,4135546599,"Full Stack Software Engineer, Emerging AI Products",Glocomms,True,True
2025-02-05 13:33:37,4140474727,Test Engineer,Imagry,True,True
2025-02-09 11:49:27,4119501899,Programmer Technical Support,Lamiflex Inc,True,True
2025-02-09 11:50:27,4125940655,ERP Developer,Habasit,True,True
2025-02-09 11:50:59,4138455519,TS/SCI FS Poly Cloud Engineer,Black Cat Technologies,True,True
2025-02-09 11:54:58,4144902756,Content Automation Developer,Holmes Corporation,True,True
2025-02-09 11:55:32,4143846830,Python/SQL Developer,Dynamico,True,True
2025-02-09 11:55:50,4144921122,Software Engineer,KRYPTAURI,True,True
2025-02-09 11:56:13,4142108948,Software Engineer,CAPITOL MANAGEMENT CORP,True,True
2025-02-09 11:56:29,4146015584,Dotnet Developer,"H&D Distributors, Inc",True,True
2025-02-09 11:57:35,4142373515,3) .Net Mobile Developer,"MetaFarms, Inc.",True,True
2025-02-09 11:57:51,4142506074,Software Engineering,eTeam,True,True
2025-02-09 11:58:16,4142319157,Python Developer,BeaconFire Inc.,True,True
2025-02-09 11:58:42,4144913080,DevOps Engineer,CAVALLO,True,True
2025-02-09 11:59:16,4145964920,Test Engineer,MDMartin Staffing,True,True
2025-02-09 11:59:40,4141664317,Python Developer,BeaconFire Inc.,True,True
2025-02-09 11:59:52,4142379685,Java Developer,Dexian,True,True
2025-02-09 12:00:15,4143966014,Full Stack/Frontend Developer,Autonomous Healthcare,True,True
2025-02-09 12:00:27,4145923481,Junior Developer,Kforce Inc,True,True
2025-02-09 12:00:51,4141666084,MERN/MEAN Full-Stack Developer,BeaconFire Inc.,True,True
2025-02-09 12:01:22,4142684332,Front-End Engineer,Skydaddy,True,True
2025-02-09 12:01:35,4142370789,Full-Stack Developer,Dexian,True,True
2025-02-09 12:01:48,4146239937,Software Engineer,"Softworld, a Kelly Company",True,True
2025-02-09 12:02:05,4142037152,Programmer,"Global Technical Talent, an Inc. 5000 Company",True,True
2025-02-09 12:02:22,4141665156,Java Software Engineer,BeaconFire Inc.,True,True
2025-02-09 12:02:42,4136513886,Java Application Developer,MaximaTek,True,True
2025-02-09 12:02:54,4141634735,Python Developer,Dexian,True,True
2025-02-09 12:08:33,4143265013,Junior Engineer,EVONA,True,True
2025-02-09 12:09:03,4142507036,Java Developer,Dexian,True,True
2025-02-09 12:09:15,4142377986,FullStack Developer - Angular Developer,Dexian,True,True
2025-02-09 12:09:39,4145164090,Full Stack Product Engineer (Founding team),Garden,True,True
2025-02-09 12:10:07,4143469570,Software Developer (Voice),Bandwidth Inc.,True,False
2025-02-09 12:10:31,4145966458,Software Developer,Cavalry Portfolio Services,True,True
2025-02-09 12:10:43,4144404212,Full Stack Engineer,STAND 8 Technology Consulting,True,True
2025-02-09 12:11:13,4146248232,4) .Net Developer with KQL,Vertex Elite LLC,True,True
2025-02-09 12:11:27,4135548470,Frontend/Product Engineer,Glocomms,True,True
2025-02-09 12:12:01,4142289118,Jr DevOps Engineer,Tech Consulting,True,True
2025-02-09 12:12:24,4144337093,Full Stack Engineer,Mallick Mechanical Services,True,True
2025-02-09 12:12:48,4147204853,Junior Java Developer,Magnus Technology Solutions,True,True
2025-02-09 12:13:05,4141660687,Java Software Engineer,BeaconFire Inc.,True,True
2025-02-09 12:13:20,4145956614,DevOps Engineer,MaximaTek,True,True
2025-02-09 12:13:34,4137049038,Software Engineer,Clark Schaefer Strategic HR,True,False
2025-02-09 12:13:49,4147203872,Junior Cloud Developer,Tech Consulting,True,False
2025-02-09 12:14:02,4145410204,Systems Engineer,TriCom Technical Services,True,True
2025-02-09 12:14:16,4140176741,Software Engineer (C#),"Autonomous Solutions, Inc. (ASI)",True,True
2025-02-09 12:14:43,3952703907,Junior Systems Engineer,ANSER,False,False
2025-02-09 12:15:32,4127905133,Associate Embedded Software Engineer,Mainspring Energy,True,False
2025-02-09 12:16:30,4127905133,Associate Embedded Software Engineer,Mainspring Energy,True,False
2025-02-09 12:16:39,3952703907,Junior Systems Engineer,ANSER,False,False
2025-02-09 12:17:42,4127905133,Similar Jobs,LinkedIn,True,True
2025-02-09 12:17:52,3952703907,Jobs,LinkedIn,False,False
2025-02-09 12:21:58,4127905133,Software Developer Jobs,LinkedIn,True,True
2025-02-09 12:22:11,4142394860,Full Stack Developer - 50/50,Dexian,True,True
2025-02-09 12:22:24,4142389736,Java API Developer,Dexian,True,True
2025-02-09 12:22:38,4143542532,Full Stack Software Engineer - 126970,PTR Global,True,True
2025-02-09 12:24:52,4146910819,Similar Jobs,LinkedIn,True,True
2025-02-09 12:25:24,4135183987,Full Stack Engineer,Artisan,True,True
2025-02-09 12:26:49,4140332818,IT services & IT consulting,LinkedIn,True,True
2025-02-09 12:27:02,4142025416,Software Development Engineer (Python): 25-03769,"Akraya, Inc.",True,True
2025-02-09 12:27:50,4143389199,Data Engineer,NeenOpal Inc.,True,True
2025-02-09 12:28:53,4125058760,DevOps Engineer,ContinuumCloud,True,True
2025-02-09 12:29:06,4144511911,Security Engineer,ConsultUSA,True,True
2025-02-09 12:29:32,4107053393,Associate Software Engineer,PKWARE,True,True
2025-02-09 12:30:20,4143030357,Data Engineer,Elder Research,True,False
2025-02-09 12:30:45,4129256337,MERN/MEAN Stack Developer,BeaconFire Inc.,True,True
2025-02-09 12:31:08,4144445264,Embedded Software Engineer,Acculon Energy,True,True
2025-02-09 12:31:25,4135667413,AI/ML Software Engineer (U.S. Citizen Only),CubeNexus Inc,True,True
2025-02-09 12:31:37,4126497261,AI Engineer,Foundation Model Startup,True,True
2025-02-09 12:41:11,4127905133,Associate Embedded Software Engineer,Mainspring Energy,True,False
2025-02-09 12:46:01,4127905133,Associate Embedded Software Engineer,Mainspring Energy,True,False
2025-02-09 12:47:19,4127905133,Associate Embedded Software Engineer,Mainspring Energy,True,False
2025-02-09 12:48:14,4127905133,Associate Embedded Software Engineer,Mainspring Energy,True,False
2025-02-09 12:49:45,4127905133,Associate Embedded Software Engineer,Mainspring Energy,True,False
2025-02-09 12:50:39,4127905133,Associate Embedded Software Engineer,Mainspring Energy,True,False
2025-02-09 12:56:39,4145078112,LinkedIn Easy Apply jobs,LinkedIn,True,False
2025-02-09 12:57:18,4127905133,Associate Embedded Software Engineer,Mainspring Energy,True,False
2025-02-09 12:58:07,4136953143,Embedded Telematics Engineer,"V-Soft Consulting Group, Inc.",True,True
2025-02-09 12:58:15,3952703907,Junior Systems Engineer,ANSER,False,False
2025-02-09 12:58:27,4136802491,Java Developer / FullStack Developer,Dexian,True,True
2025-02-09 12:58:50,3952703907,Junior Systems Engineer,ANSER,False,False
2025-02-10 20:10:11,4146569203,Founding Engineer,DGC Search,True,True
2025-02-10 20:10:26,4143054319,Data Engineer,HappyRobot,True,True
2025-02-10 20:10:51,4146989680,DevOps Engineer,Brooksource,True,True
2025-02-10 20:11:23,4147732815,App Developer,TYS SALES AND CONSIGNMENT LLC,True,True
2025-02-10 20:11:56,4096098709,R&D Engineer: Modeling,Infinite Cooling,True,True
2025-02-10 20:12:21,4143031222,"Full-Stack Engineer (React Native, 3D Rendering, AWS)",Fyve By,True,True
2025-02-10 20:12:46,4146190063,IT Managed Services Engineer,Community Technology Services,True,True
2025-02-10 20:13:03,4146254527,Frontend Developer,Spatium Lab,True,True
2025-02-10 20:13:28,4143649326,Web Developer,Ned's Home,True,True
2025-02-10 20:14:00,4144399572,Software Development Engineer,Fyve By,True,True
2025-02-10 20:14:17,4142102406,Associate Software Engineer,Focus AI,True,True
2025-02-10 20:14:32,4143840316,Full Stack Engineer,HappyRobot,True,True
2025-02-10 20:15:05,4142887773,Junior Software Engineer,Moonello,True,True
2025-02-10 20:15:29,4081424087,Full-Stack Developer with Strong AI/ML Experience,BIOVERSE,True,True
2025-02-10 20:15:52,4143835876,Solutions Engineer,HappyRobot,True,True
2025-02-10 20:16:23,4141539706,Founding Engineer,Loman AI,True,True
2025-02-10 20:16:56,4139978194,Machine Learning Engineer,MLCommons,True,True
2025-02-10 20:17:12,4144170370,Artificial Intelligence Engineer,Borough,True,True
2025-02-10 20:17:30,4142831042,Founding Engineer,Origami Agents (YC F24),True,True
2025-02-10 20:17:48,4135196384,Full Stack Software Engineers,Snaplaunch,True,True
2025-02-10 20:18:14,4142831042,Founding Engineer,Origami Agents (YC F24),False,False
2025-02-10 20:18:47,4137442544,Software Engineer (Open to Northern Indiana Applicants),Peakey Enterprise LLC,True,True
2025-02-10 20:20:31,4146910659,Jobs,LinkedIn,False,False
2025-02-10 20:21:00,4149221299,DHCP Proxy Engineer,Mitchell Martin Inc.,True,False
2025-02-10 20:21:13,4149022051,Salesforce Engineer,Selby Jennings,True,True
2025-02-10 20:21:29,4147101396,Firmware Engineer,Jobot,True,True
2025-02-10 20:21:42,4149145478,Software Engineer in Test,Dexian,True,True
2025-02-10 20:22:21,4149214651,Onsite IT Engineer,Insight Global,True,True
2025-02-10 20:22:39,4146309486,Android Developer,BeaconFire Inc.,True,True
2025-02-10 20:25:13,4147218168,Computer Engineer,Insight Global,True,True
2025-02-10 20:25:39,4136870131,Full Stack Engineer (Migrations),Odoo,True,True
2025-02-10 20:25:51,4137005016,Software Engineer - Callisto,Rubrik,True,True
2025-02-10 20:26:11,4131823909,AI/ML Engineer,Dexian,True,True
2025-02-10 20:26:47,4147203872,Junior Cloud Developer,Tech Consulting,True,True
2025-02-10 20:27:08,4119350979,Software Development Intern - Summer 2025,Bandwidth Inc.,True,False
2025-02-10 20:27:42,4146301534,Java Software Engineer,BeaconFire Inc.,True,True
2025-02-10 20:28:00,4146731286,Java Software Engineer,BeaconFire Inc.,True,True
2025-02-10 20:28:13,4149191208,Full Stack Developer (Java / Angular),"Softworld, a Kelly Company",True,True
2025-02-10 20:28:25,4144407963,Media / Broadcast DevOps Engineer,STAND 8 Technology Consulting,True,True
2025-02-10 20:29:18,4148605311,Systems Engineer,Semcon,True,True
2025-02-10 20:29:35,4145356722,Back End Developer,BeaconFire Inc.,True,True
2025-02-10 20:30:00,4146910659,Jobs,LinkedIn,False,False
2025-02-10 20:30:17,4144488806,Python Developer,TalenTech Digital,True,True
2025-02-10 20:31:00,3952703907,Jobs,LinkedIn,False,False
2025-02-10 20:32:44,4145078112,Top job picks for you,LinkedIn,True,True
2025-02-10 20:33:09,4144483945,Quantitative Developer,Pionex US,True,True
2025-02-10 20:33:30,4076033266,"Software Engineer, Data Mobility",DoorDash,True,False
2025-02-10 20:33:43,4144516348,Security Engineer,ConsultUSA,True,True
2025-02-10 20:34:30,4106863033,Full Stack Developer,Mitchell Martin Inc.,True,False
2025-02-10 20:34:42,4143900084,DevOps/Cloud Engineer,Mitchell Martin Inc.,True,False
2025-02-10 20:34:54,4146181744,Jr .Net Developer - Nashville,Vaco,True,True
2025-02-10 20:35:07,4142811546,Data Engineer,iO Associates - US,True,True
2025-02-10 20:35:22,4144379130,PowerBI Developer,INSPYR Solutions,True,True
2025-02-10 20:35:46,4145356678,iOS Developer,BeaconFire Inc.,True,True
2025-02-10 20:35:58,3959595741,"Systems Research Engineer, Machine Learning Systems",Together AI,True,False
2025-02-10 20:36:48,4147501286,software engineer Jobs in United States,LinkedIn,True,False
2025-02-10 20:37:42,4143820595,Associate Salesforce Developer,Primary Talent Partners,True,True
2025-02-10 20:37:55,4106863033,Full Stack Developer,Mitchell Martin Inc.,True,False
2025-02-10 20:38:09,4146991608,"Software Engineer (Functional Programming)-Hybrid, MADISON",Beacon Hill,True,True
2025-02-10 20:38:22,4144164165,Software Engineer in Test,Dexian,True,True
2025-02-10 20:39:49,4146730647,Software Support Engineer,Ledgent Technology,True,True
2025-02-10 20:41:02,1270108876,Computer Numerical Control Programmer,Sonoma Industries,True,True
2025-02-10 20:41:28,1270108876,Feed,LinkedIn,False,False
2025-02-10 20:41:36,4137452433,Software Development Intern - Automated Testing,Hexagon Asset Lifecycle Intelligence,False,False
2025-02-10 20:41:48,3787724445,INTERNSHIP - Application Engineer - AcuTran,Innovation Works,True,False
2025-02-10 20:43:34,4142378228,Wordpress Developer (Orlando),"Consumer Attorney Marketing Group, Inc. (CAMG)",True,True
2025-02-10 20:43:42,3952703907,Junior Systems Engineer,ANSER,False,False
2025-02-10 20:43:55,4149221299,DHCP Proxy Engineer,Mitchell Martin Inc.,True,False
2025-02-10 20:44:14,4146389798,PowerBuilder Developer and IT Analyst,"Global Technical Talent, an Inc. 5000 Company",True,True
2025-02-10 20:44:27,4106863033,Full Stack Developer,Mitchell Martin Inc.,True,False
2025-02-10 20:44:44,4149173433,Infrastructure Engineer,nTech Workforce,True,True
2025-02-10 20:48:06,4140332818,Similar Jobs,LinkedIn,True,True
2025-02-10 20:48:31,3952703907,Junior Systems Engineer,ANSER,False,False
2025-02-10 20:48:46,4139767600,Software Embedded Engineer,eTeam,True,True
2025-02-10 20:48:59,4136522829,Systems Engineer,Polaris Inc.,True,True
2025-02-10 20:49:11,4139643594,"Applications Developer - Javascript, Excel, Databases",CyberCoders,True,True
2025-02-10 20:49:31,4136154679,Full Stack Engineer - Angular,Dexian,True,True
2025-02-10 20:49:49,4125983501,iOS Developer,BeaconFire Inc.,True,True
2025-02-10 20:50:28,4137452433,Software Development Intern - Automated Testing,Hexagon Asset Lifecycle Intelligence,False,False
2025-02-10 20:50:44,3787724445,INTERNSHIP - Application Engineer - AcuTran,Innovation Works,True,True
2025-02-10 20:50:52,4128429555,Intern - Quality Engineer,Hearth & Home Technologies,False,False
2025-02-10 20:51:01,4056154477,Software Engineering Intern,Parry Labs,False,False
2025-02-10 20:51:09,4137736514,IT Internship and Professional Development Program,Chicken N Pickle,False,False
2025-02-10 20:51:18,4090165448,Information Technology (IT) Intern (onsite) - Summer 2025,Millerbernd,False,False
2025-02-10 20:51:26,4132750377,Software Engineer Intern (Hybrid),MEM,False,False
2025-02-10 20:58:26,4136296081,Information Technology Specialist,Kevin Systems Ltd.,True,True
2025-02-10 20:58:51,4124757673,IT Coordinator,"A&A Global Industries, LLC.",True,True
2025-02-10 20:59:15,4136238902,Help Desk Analyst,"V-Soft Consulting Group, Inc.",True,True
2025-02-10 21:00:12,4124719189,IT Software / Systems Administrator,Yerecic Label,True,True
2025-02-10 21:00:28,4146065965,Desktop Support Engineer,Smart TechLink Solutions Inc.,True,True
2025-02-10 21:01:07,4136482876,Information Technology System Administrator,Illini,True,True
2025-02-10 21:01:41,4133640431,Technical Support Technician,GoNetspeed,True,True
2025-02-10 21:01:56,4126120459,Success Support Specialist,"xGenisys, LLC",True,False
2025-02-10 21:02:22,4144345433,Project Coordinator - IT Field Service,Broadview Solutions,True,True
2025-02-10 21:03:01,4147211760,IT Specialist,Soltis Investment Advisors,True,True
2025-02-10 21:03:17,4130606863,IT Manager,GVS Filter Technology,True,True
2025-02-10 21:03:40,4013910526,Technical Support Specialist/Manager,LinkTrust,True,True
2025-02-10 21:04:13,4128230311,Associate Project Manager & Security Specialist (ERP - Odoo Platform),ESU - Excellent Sources Unlimited,True,True
2025-02-10 21:04:52,4136915955,Help Desk Support Specialist,Robert Half,True,True
2025-02-10 21:05:25,4141148255,Technical Integration Specialist,Witbe,True,True
2025-02-10 21:06:06,4139238757,Microsoft Account Executive,"KTL Solutions, Inc.",True,True
2025-02-10 21:06:22,4076964853,Technical Support Spare Pool and Repairs Representative,Strategic Mobility Group,True,True
2025-02-10 21:06:56,4112814324,OSP Engineer Fiber GIS Specialist,"Lyte Fiber, LLC",True,True
2025-02-10 21:07:38,4138220440,Desktop Support Specialist,SISL Global,True,True
2025-02-10 21:08:01,4143969299,IT Coordinator,PRETTYBIRD,True,True
2025-02-10 21:08:50,4081238976,System Administrator,Proda Technology,True,True
2025-02-10 21:09:29,4116366872,Entry Level Systems/Network Analyst,Allied IT Systems,True,True
2025-02-10 21:09:45,4143728213,IT Administrator,Eagle Electronics,True,True
2025-02-10 21:10:02,3996681797,Systems Application Analyst,Teachers Federal Credit Union,True,True
2025-02-10 21:10:24,4136484898,Information Technology Support Specialist,Allegheny Millwork,True,True
2025-02-10 21:10:57,4147223152,Information Technology Technical Analyst,Arcadia companies & affiliates,True,True
2025-02-10 21:11:12,4136619183,IT Technician,Ascendion,True,True
2025-02-10 21:11:21,3952703907,Junior Systems Engineer,ANSER,False,False
2025-02-10 21:12:02,4135711717,IT Infrastructure Analyst II,Hawai'i Health Information Exchange (HHIE),True,True
2025-02-10 21:12:26,4139911740,Technical Support Representative,QuikStor Security & Software,True,True
2025-02-10 21:12:42,4141188356,Information Technology Technician,HirefinderRPO,True,True
2025-02-10 21:13:11,4084228702,MSP/IT Service Desk Support Technician,Augustine Consulting,True,True
2025-02-10 21:21:35,4079554154,Similar Jobs,LinkedIn,True,True
2025-02-10 21:22:13,4139908916,Applications Technician I,Predictive Monitor LLC,True,True
2025-02-10 21:23:50,4124148389,Information Technology Technician,Consulting Solutions,True,True
2025-02-10 21:24:28,4120000196,Information Technology Help Desk Support,ADVYON,True,True
2025-02-10 21:27:23,4085447472,Jr. System Support Analyst,Avior Strategies Incorporated,True,True
2025-02-10 21:27:35,4116711942,Help Desk Technician,Proven Recruiting,True,True
2025-02-10 21:29:19,4137594799,Information Technology Support Specialist,West Physics,True,True
2025-02-10 21:29:42,4145901988,Information Technology Service Desk,VerTALENTS,True,True
2025-02-10 21:30:39,4147216601,IT Specialist – Automation & Support,Midway Group,True,True
2025-02-10 21:31:01,4142646098,Information Technology Specialist,Gansevoort Hotel Group,True,True
2025-02-18 02:07:28,4154832141,Java Software Engineer,Ho2 Systems LLC,True,True
2025-02-18 02:07:52,4149254824,Software Engineer - UI Design,Haverly Systems Inc,True,True
2025-02-18 02:09:37,4149155542,Software Developer,Tradebot,True,True
2025-02-18 02:10:26,4156333813,Full Stack AI Platform Engineer,Snaplaunch,True,True
2025-02-18 02:11:12,4151536155,Web Developer- Onsite and hybrid only,SFA Marketing,True,True
2025-02-18 02:11:36,4151536155,Web Developer- Onsite and hybrid only,SFA Marketing,False,False
2025-02-18 02:11:44,4148945549,Similar Jobs,LinkedIn,False,False
2025-02-18 02:11:56,4131443195,Vision Machine Learning / Software Engineer – Python,Mentium Technologies Inc.,True,False
2025-02-18 02:12:56,4149299823,Software Engineer,Cardinal Scale Mfg. Co.,True,True
2025-02-18 02:13:19,4148662423,Software Engineer,"LaserLinc, Inc.",True,True
2025-02-18 02:13:30,4150802531,Associate DevOps Engineer (5670),MetroStar,True,False
2025-02-18 02:13:53,4151493497,Staff Software Engineer 1,pgEdge,True,True
2025-02-18 02:14:24,4150642267,Front Office Java Developer,in,True,False
2025-02-18 02:14:37,4147642843,Oracle Database Developer (Hybrid in CHI),Dexian,True,True
2025-02-18 02:15:33,4153178172,Ecommerce Developer,Plumbers Wholesale Supply,True,True
2025-02-18 02:15:55,4150635775,Software Applications Engineering,eTeam,True,True
2025-02-18 02:16:20,4150642267,Jobs,LinkedIn,False,False
2025-02-18 02:16:30,4022509885,Feed,LinkedIn,False,False
2025-02-18 02:16:39,4150635775,Software Applications Engineering,eTeam,False,False
2025-02-18 02:17:48,4151478006,Systems Test Engineer,Apex Systems,True,True
2025-02-18 02:18:01,4150852154,Software Embedded Engineer (NH or VA),"Softworld, a Kelly Company",True,True
2025-02-18 02:18:12,3985832179,Validation Engineer,Precision For Medicine,True,False
2025-02-18 02:18:29,4152877576,5) .NET Software Engineer,Brooksource,True,True
2025-02-18 02:19:02,4148945549,Junior Front-End Web Developer,ABET,True,True
